Workbook

Sheet Sep_2026
A1: staff_id | B1: name | C1: date | D1: login_at | E1: logout_at | F1: duration_min | G1: duration_hhmm | H1: site | I1: ssid | J1: bssid | K1: lat | L1: lng | M1: accuracy_m | N1: method | O1: flag | P1: device_id | Q1: row_key
A2: EMP-0412 | B2: Nadia Rahman | C2: 46266 | D2: 0.35638889 | E2: 0.75341435 | F2: =IF(OR(D2="",E2=""),"",ROUND((E2-D2)*1440,0)) | G2: =IF(F2="","",TEXT(F2/1440,"[h]:mm")) | H2: HQ-AMPANG | I2: CORP-STAFF | J2: 3c:07:54:aa:1d:02 | K2: 3.15781 | L2: 101.71169 | M2: 8 | N2: AUTO | O2: OK | P2: iPhone·a91f | Q2: EMP-0412|2026-09-01T08:33:12
A3: EMP-0412 | B3: Nadia Rahman | C3: 46267 | D3: 0.36188657 | E3: 0.6016088 | F3: =IF(OR(D3="",E3=""),"",ROUND((E3-D3)*1440,0)) | G3: =IF(F3="","",TEXT(F3/1440,"[h]:mm")) | H3: HQ-AMPANG | I3: CORP-STAFF | J3: 3c:07:54:aa:1d:02 | K3: 3.1578 | L3: 101.7117 | M3: 8 | N3: AUTO | O3: OK | P3: iPhone·a91f | Q3: EMP-0412|2026-09-02T08:41:07
A4: EMP-0198 | B4: Arif Tan | C4: 46267 | D4: 0.38474537 | E4: 0.74907407 | F4: =IF(OR(D4="",E4=""),"",ROUND((E4-D4)*1440,0)) | G4: =IF(F4="","",TEXT(F4/1440,"[h]:mm")) | H4: HQ-AMPANG | I4: CORP-STAFF | J4: 3c:07:54:aa:1d:03 | K4: 3.15784 | L4: 101.71161 | M4: 22 | N4: AUTO | O4: LOW GPS | P4: Pixel·77c1 | Q4: EMP-0198|2026-09-02T09:14:02
A5: EMP-0331 | B5: Siti Lim | C5: 46267 | D5: 0.3540625 | F5: =IF(OR(D5="",E5=""),"",ROUND((E5-D5)*1440,0)) | G5: =IF(F5="","",TEXT(F5/1440,"[h]:mm")) | H5: HQ-AMPANG | I5: CORP-STAFF | J5: 3c:07:54:aa:1d:02 | K5: 3.15779 | L5: 101.71174 | M5: 11 | N5: AUTO | O5: OPEN | P5: iPhone·4b02 | Q5: EMP-0331|2026-09-02T08:29:51
F6: =IF(OR(D6="",E6=""),"",ROUND((E6-D6)*1440,0)) | G6: =IF(F6="","",TEXT(F6/1440,"[h]:mm"))
F7: =IF(OR(D7="",E7=""),"",ROUND((E7-D7)*1440,0)) | G7: =IF(F7="","",TEXT(F7/1440,"[h]:mm"))
F8: =IF(OR(D8="",E8=""),"",ROUND((E8-D8)*1440,0)) | G8: =IF(F8="","",TEXT(F8/1440,"[h]:mm"))
F9: =IF(OR(D9="",E9=""),"",ROUND((E9-D9)*1440,0)) | G9: =IF(F9="","",TEXT(F9/1440,"[h]:mm"))
F10: =IF(OR(D10="",E10=""),"",ROUND((E10-D10)*1440,0)) | G10: =IF(F10="","",TEXT(F10/1440,"[h]:mm"))
F11: =IF(OR(D11="",E11=""),"",ROUND((E11-D11)*1440,0)) | G11: =IF(F11="","",TEXT(F11/1440,"[h]:mm"))
F12: =IF(OR(D12="",E12=""),"",ROUND((E12-D12)*1440,0)) | G12: =IF(F12="","",TEXT(F12/1440,"[h]:mm"))
F13: =IF(OR(D13="",E13=""),"",ROUND((E13-D13)*1440,0)) | G13: =IF(F13="","",TEXT(F13/1440,"[h]:mm"))
F14: =IF(OR(D14="",E14=""),"",ROUND((E14-D14)*1440,0)) | G14: =IF(F14="","",TEXT(F14/1440,"[h]:mm"))
F15: =IF(OR(D15="",E15=""),"",ROUND((E15-D15)*1440,0)) | G15: =IF(F15="","",TEXT(F15/1440,"[h]:mm"))
F16: =IF(OR(D16="",E16=""),"",ROUND((E16-D16)*1440,0)) | G16: =IF(F16="","",TEXT(F16/1440,"[h]:mm"))
F17: =IF(OR(D17="",E17=""),"",ROUND((E17-D17)*1440,0)) | G17: =IF(F17="","",TEXT(F17/1440,"[h]:mm"))
... F400: =IF(OR(D400="",E400=""),"",ROUND((E400-D400)*1440,0)) | G400: =IF(F400="","",TEXT(F400/1440,"[h]:mm"))

Sheet Summary
A1: week_start | B1: sessions | C1: total_min | D1: total_hours | E1: flagged
A2: 46265 | B2: =COUNTIFS(Sep_2026!$C:$C,">="&A2,Sep_2026!$C:$C,"<"&A2+7) | C2: =SUMIFS(Sep_2026!$F:$F,Sep_2026!$C:$C,">="&A2,Sep_2026!$C:$C,"<"&A2+7) | D2: =ROUND(C2/60,2) | E2: =COUNTIFS(Sep_2026!$C:$C,">="&A2,Sep_2026!$C:$C,"<"&A2+7,Sep_2026!$O:$O,"<>OK")
A3: 46272 | B3: =COUNTIFS(Sep_2026!$C:$C,">="&A3,Sep_2026!$C:$C,"<"&A3+7) | C3: =SUMIFS(Sep_2026!$F:$F,Sep_2026!$C:$C,">="&A3,Sep_2026!$C:$C,"<"&A3+7) | D3: =ROUND(C3/60,2) | E3: =COUNTIFS(Sep_2026!$C:$C,">="&A3,Sep_2026!$C:$C,"<"&A3+7,Sep_2026!$O:$O,"<>OK")
A4: 46279 | B4: =COUNTIFS(Sep_2026!$C:$C,">="&A4,Sep_2026!$C:$C,"<"&A4+7) | C4: =SUMIFS(Sep_2026!$F:$F,Sep_2026!$C:$C,">="&A4,Sep_2026!$C:$C,"<"&A4+7) | D4: =ROUND(C4/60,2) | E4: =COUNTIFS(Sep_2026!$C:$C,">="&A4,Sep_2026!$C:$C,"<"&A4+7,Sep_2026!$O:$O,"<>OK")
A5: 46286 | B5: =COUNTIFS(Sep_2026!$C:$C,">="&A5,Sep_2026!$C:$C,"<"&A5+7) | C5: =SUMIFS(Sep_2026!$F:$F,Sep_2026!$C:$C,">="&A5,Sep_2026!$C:$C,"<"&A5+7) | D5: =ROUND(C5/60,2) | E5: =COUNTIFS(Sep_2026!$C:$C,">="&A5,Sep_2026!$C:$C,"<"&A5+7,Sep_2026!$O:$O,"<>OK")
A6: 46293 | B6: =COUNTIFS(Sep_2026!$C:$C,">="&A6,Sep_2026!$C:$C,"<"&A6+7) | C6: =SUMIFS(Sep_2026!$F:$F,Sep_2026!$C:$C,">="&A6,Sep_2026!$C:$C,"<"&A6+7) | D6: =ROUND(C6/60,2) | E6: =COUNTIFS(Sep_2026!$C:$C,">="&A6,Sep_2026!$C:$C,"<"&A6+7,Sep_2026!$O:$O,"<>OK")
A8: MONTH TOTAL | C8: =SUM(C2:C6) | D8: =ROUND(C8/60,2) | E8: =SUM(E2:E6)
A10: Per-staff totals below — extend as needed
A11: staff_id | B11: sessions | C11: total_min | D11: total_hours
A12: EMP-0412 | B12: =COUNTIF(Sep_2026!$A:$A,A12) | C12: =SUMIF(Sep_2026!$A:$A,A12,Sep_2026!$F:$F) | D12: =ROUND(C12/60,2)
A13: EMP-0198 | B13: =COUNTIF(Sep_2026!$A:$A,A13) | C13: =SUMIF(Sep_2026!$A:$A,A13,Sep_2026!$F:$F) | D13: =ROUND(C13/60,2)
A14: EMP-0331 | B14: =COUNTIF(Sep_2026!$A:$A,A14) | C14: =SUMIF(Sep_2026!$A:$A,A14,Sep_2026!$F:$F) | D14: =ROUND(C14/60,2)
